/about /
/articles/2010/04/05/style-drupal-6s-taxonomy-lists-php-css-and-jquery /articles/style-drupal-6s-taxonomy-lists-php-css-and-jquery
/articles/2010/04/28/using-imagecache-and-imagecrop-my-portfolio /articles/using-imagecache-and-imagecrop-my-portfolio
/articles/2010/05/06/conditional-email-addresses-webform /articles/conditional-email-addresses-webform
/articles/2010/05/10/quickly-create-zen-subthemes-using-zenophile /articles/quickly-create-zen-subthemes-using-zenophile
/articles/2010/05/25/create-slideshow-multiple-images-using-fancy-slide /articles/create-slideshow-multiple-images-using-fancy-slide
/articles/2010/05/29/quickly-import-multiples-images-using-imagefieldimport-module /articles/quickly-import-multiples-images-using-imagefieldimport-module
/articles/2010/06/02/improve-jpg-quality-imagecache-and-imageapi /articles/improve-jpg-quality-imagecache-and-imageapi
/articles/2010/06/23/create-block-social-media-icons-using-cck-views-and-nodequeue /articles/create-block-social-media-icons-using-cck-views-and-nodequeue
/articles/2010/06/25/10-useful-drupal-6-modules /articles/10-useful-drupal-6-modules
/articles/2010/06/28/create-flickr-photo-gallery-using-feeds-cck-and-views /articles/create-flickr-photo-gallery-using-feeds-cck-and-views
/articles/2010/07/01/change-content-type-multiple-nodes-using-sql /articles/change-content-type-multiple-nodes-using-sql
/articles/2010/07/02/create-virtual-hosts-mac-os-x-using-virtualhostx /articles/create-virtual-hosts-mac-os-x-using-virtualhostx
/articles/2010/07/07/add-taxonomy-term-multiple-nodes-using-sql /articles/add-taxonomy-term-multiple-nodes-using-sql
/articles/2010/07/12/review-teleport-module /articles/review-teleport-module
/articles/2010/08/10/review-adminhover-module /articles/review-adminhover-module
/articles/2010/08/11/create-better-photo-gallery-drupal-part-1 /articles/create-better-photo-gallery-drupal-part-1
/articles/2010/08/17/create-better-photo-gallery-drupal-part-2 /articles/create-better-photo-gallery-drupal-part-2
/articles/2010/08/20/review-image-caption-module /articles/review-image-caption-module
/articles/2010/09/26/south-wales-drupal-user-group /articles/south-wales-drupal-user-group
/articles/2010/10/10/create-and-apply-patches /articles/create-and-apply-patches
/articles/2010/10/13/create-better-photo-gallery-drupal-part-3 /articles/create-better-photo-gallery-drupal-part-3
/articles/2010/10/22/create-better-photo-gallery-drupal-part-21 /articles/create-better-photo-gallery-drupal-part-21
/articles/2010/11/04/use-regular-expressions-search-and-replace-coda-or-textmate /articles/use-regular-expressions-search-and-replace-coda-or-textmate
/articles/2011/02/14/easily-embed-typekit-fonts-your-drupal-website /articles/easily-embed-typekit-fonts-your-drupal-website
/articles/2011/03/15/display-number-facebook-fans-php /articles/display-number-facebook-fans-php
/articles/2011/03/31/proctor-stevenson /articles/proctor-stevenson
/articles/2011/05/20/proctors-hosting-next-drupal-meetup /articles/proctors-hosting-next-drupal-meetup
/articles/2011/05/23/imagefield-import-archive /articles/imagefield-import-archive
/articles/2011/08/28/create-multigroups-drupal-7-using-field-collections /articles/create-multigroups-drupal-7-using-field-collections
/articles/2011/10/19/install-and-configure-subversion-svn-server-ubuntu /articles/install-and-configure-subversion-svn-server-ubuntu
/articles/2012/01/04/site-upgraded-drupal-7 /articles/site-upgraded-drupal-7
/articles/2012/02/01/use-authorized-keys-create-passwordless-ssh-connection /articles/use-authorized-keys-create-passwordless-ssh-connection
/articles/2012/04/16/create-omega-subtheme-less-css-preprocessor-using-omega-tools-and-drush /articles/create-omega-subtheme-less-css-preprocessor-using-omega-tools-and-drush
/articles/2012/04/17/installing-nagios-centos /articles/installing-nagios-centos
/articles/2012/04/19/adding-custom-theme-templates-drupal-7 /articles/adding-custom-theme-templates-drupal-7
/articles/2012/05/23/add-date-popup-calendar-custom-form /articles/add-date-popup-calendar-custom-form
/articles/2012/05/23/checkout-specific-revision-svn-command-line /articles/checkout-specific-revision-svn-command-line
/articles/2012/05/23/forward-one-domain-another-using-mod-rewrite-and-htaccess /articles/forward-one-domain-another-using-mod-rewrite-and-htaccess
/articles/2012/05/23/prevent-apache-displaying-text-files-within-web-browser /articles/prevent-apache-displaying-text-files-within-web-browser
/articles/2012/05/23/writing-info-file-drupal-7-theme /articles/writing-info-file-drupal-7-theme
/articles/2012/05/24/dividing-drupals-process-and-preprocess-functions-separate-files /articles/dividing-drupals-process-and-preprocess-functions-separate-files
/articles/2012/07/12/my-new-drupal-modules /articles/my-new-drupal-modules
/articles/2012/07/14/install-nomensa-media-player-drupal /articles/install-nomensa-media-player-drupal
/articles/2012/07/27/writing-article-linux-journal /articles/writing-article-linux-journal
/articles/2012/08/18/display-custom-menu-drupal-7-theme-template-file /articles/display-custom-menu-drupal-7-theme-template-file
/articles/2012/09/06/reflections-speaking-unifieddiff /articles/reflections-speaking-unifieddiff
/articles/2012/10/25/my-sublime-text-2-settings /articles/my-sublime-text-2-settings
/articles/2012/11/15/accessible-bristol-site-launched /articles/accessible-bristol-site-launched
/articles/2012/11/17/open-sublime-text-2-mac-os-x-command-line /articles/open-sublime-text-2-mac-os-x-command-line
/articles/2012/12/06/use-sass-and-compass-drupal-7-using-sassy /articles/use-sass-and-compass-drupal-7-using-sassy
/articles/2013/01/09/checking-if-user-logged-drupal-right-way /articles/checking-if-user-logged-drupal-right-way
/articles/2013/02/16/creating-and-using-custom-tokens-drupal-7 /articles/creating-and-using-custom-tokens-drupal-7
/articles/2013/03/02/quickest-way-install-sublime-text-2-ubuntu /articles/quickest-way-install-sublime-text-2-ubuntu
/articles/2013/04/20/leaving-nomensa-joining-precedent /articles/leaving-nomensa-joining-precedent
/articles/2013/04/27/display-git-branch-or-tag-names-your-bash-prompt /articles/display-git-branch-or-tag-names-your-bash-prompt
/articles/2013/06/13/some-useful-links-using-simpletest-drupal /articles/some-useful-links-using-simpletest-drupal
/articles/2013/07/17/creating-local-and-staging-sites-drupals-domain-module-enabled /articles/creating-local-and-staging-sites-drupals-domain-module-enabled
/articles/2013/07/26/going-drupalcon /articles/going-drupalcon
/articles/2013/09/06/create-a-zen-sub-theme-using-drush /articles/create-a-zen-sub-theme-using-drush
/articles/2013/11/19/dont-bootstrap-drupal-use-drush /articles/dont-bootstrap-drupal-use-drush
/articles/2013/11/27/useful-vagrant-commands /articles/useful-vagrant-commands
/articles/2013/12/24/quickly-apply-patches-using-git-and-curl-or-wget /articles/quickly-apply-patches-using-git-and-curl-or-wget
/articles/2013/12/31/download-different-versions-drupal-drush /articles/download-different-versions-drupal-drush
/articles/2014/01/15/some-useful-git-aliases /articles/some-useful-git-aliases
/articles/2014/02/09/drupalcamp-london-2014 /articles/drupalcamp-london-2014
/articles/2014/03/03/what-git-flow /articles/what-git-flow
/articles/2014/05/03/drupal-association /articles/drupal-association
/articles/2014/05/06/thanks /articles/thanks
/articles/2014/05/21/git-format-patch /articles/git-format-patch
/articles/2014/07/02/drush-make-drupalbristol /articles/drush-make-drupalbristol
/articles/2014/10/06/fix-vagrant-loading-wrong-virtual-machine /articles/fix-vagrant-loading-wrong-virtual-machine
/articles/2014/10/21/updating-features-and-adding-components-using-drush /articles/updating-features-and-adding-components-using-drush
/articles/2014/11/18/include-css-fonts-using-sass-each-loop /articles/include-css-fonts-using-sass-each-loop
/articles/2014/11/20/using-remote-files-when-developing-locally-with-stage-file-proxy-module /articles/using-remote-files-when-developing-locally-with-stage-file-proxy-module
/articles/2014/11/27/pantheon-settings-files /articles/pantheon-settings-files
/articles/2014/12/20/include-local-drupal-settings-file-environment-configuration-and-overrides /articles/include-local-drupal-settings-file-environment-configuration-and-overrides
/articles/2015/04/03/how-to-define-a-minimum-drupal-core-version /articles/how-to-define-a-minimum-drupal-core-version
/articles/2015/06/18/updating-forked-repositories-on-github /articles/updating-forked-repositories-on-github
/articles/2015/07/19/sculpin-twig-resources /articles/sculpin-twig-resources
/articles/2015/07/21/automating-sculpin-jenkins /articles/automating-sculpin-jenkins
/articles/2015/12/22/programmatically-load-an-entityform-in-drupal-7 /articles/programmatically-load-an-entityform-in-drupal-7
/articles/2016/02/15/announcing-the-drupal-vm-generator /articles/announcing-the-drupal-vm-generator
/articles/2016/05/03/simplifying-drupal-migrations-with-xautoload /articles/simplifying-drupal-migrations-with-xautoload
/articles/2016/07/15/building-gmail-filters-with-php /articles/building-gmail-filters-with-php
/articles/2016/12/30/drupal-vm-generator-291-released /articles/drupal-vm-generator-291-released
/articles/2017/01/07/easier-sculpin-commands-with-composer-and-npm-scripts /articles/easier-sculpin-commands-with-composer-and-npm-scripts
/articles/2017/01/31/nginx-redirects-with-query-string-arguments /articles/nginx-redirects-with-query-string-arguments
/articles/2017/05/05/fixing-drupal-simpletest-docker /articles/2017/05/05/fixing-drupal-simpletest-issues-inside-docker-containers
/articles/2017/05/05/fixing-drupal-simpletest-issues-inside-docker-containers /articles/fixing-drupal-simpletest-issues-inside-docker-containers
/articles/2017/06/09/introducing-the-drupal-meetups-twitterbot /articles/introducing-the-drupal-meetups-twitterbot
/articles/2017/11/07/tdd-test-driven-drupal /articles/tdd-test-driven-drupal
/articles/2017/11/07/writing-drupal-module-test-driven-development-tdd /articles/2017/11/07/tdd-test-driven-drupal
/articles/2018/01/30/drupalcamp-bristol-2018 /articles/drupalcamp-bristol-2018
/articles/2018/02/05/using-tailwind-css-in-your-drupal-theme /articles/using-tailwind-css-in-your-drupal-theme
/articles/2018/02/27/looking-forward-to-drupalcamp-london /articles/looking-forward-to-drupalcamp-london
/articles/2018/02/27/queuing-private-messages-in-drupal-8 /articles/queuing-private-messages-in-drupal-8
/articles/2018/02/28/building-the-new-phpsw-website /articles/building-the-new-phpsw-website
/articles/2018/03/02/yay-the-mediacurrent-contrib-half-hour-is-back /articles/yay-the-mediacurrent-contrib-half-hour-is-back
/articles/2018/03/04/tweets-from-drupalcamp-london /articles/tweets-from-drupalcamp-london
/articles/2018/05/06/creating-a-custom-phpunit-command-for-docksal /articles/creating-a-custom-phpunit-command-for-docksal
/articles/announcing-the-drupal-vm-config-generator /articles/announcing-the-drupal-vm-generator
/articles/drush-make-drupalbristol /talks/drush-make-drupalbristol
/articles/system-users-null-users /articles/null-users-and-system-users-in-drupal
/articles/tweets-from-drupalcamp-london /articles/tweets-drupalcamp-london
/blog /articles
/blog/* /articles/:splat
/book /test-driven-drupal
/consulting /
/drupal https://www.drupal.org/u/opdavies
/drupalgive https://www.drupal.org/u/opdavies
/git-flow /talks/git-flow
/github https://github.com/opdavies
/joindin https://joind.in/user/opdavies
/linkedin https://www.linkedin.com/in/opdavies
/packagist https://packagist.org/packages/opdavies
/services /experience
/slides/bristol-dug/drupal-vm-generator http://opdavies.github.io/slides-drupal-vm-generator
/slides/phpsw/building-static-websites-with-sculpin https://opdavies.github.io/slides-phpsw-sculpin
/speaker-info https://github.com/opdavies/talks/blob/master/speaker-info.md
/speakerdeck https://speakerdeck.com/opdavies
/speaking /talks
/talks/2012/09/05/what-is-this-drupal-thing-unified-diff /talks/what-is-this-drupal-thing
/talks/2013/07/10/drupal-ldap-swdug /talks/drupal-ldap
/talks/2014/03/01/git-flow-drupalcamp-london-2014 /talks/git-flow
/talks/2014/07/02/drush-make-drupalbristol-drupal-bristol /talks/drush-make-drupalbristol
/talks/2014/08/19/drupal-association-swdug /talks/drupal-association
/talks/2015/01/18/drupalorg-2015-drupalcamp-brighton-2015 /talks/drupalorg-in-2015-whats-coming-next
/talks/2015/02/28/drupalorg-2015-drupalcamp-london-2015 /talks/drupalorg-in-2015-whats-coming-next
/talks/2015/04/08/drupal-8-phpsw /talks/drupal-8
/talks/2015/07/25/test-drive-twig-with-sculpin-drupalcamp-north-2015 /talks/test-drive-twig-with-sculpin
/talks/2015/08/25/dancing-for-drupal-umbristol /talks/dancing-for-drupal
/talks/2015/10/14/sculpin-phpsw /talks/sculpin
/talks/2016/03/05/drupal-8-module-development-drupalcamp-london-2016 /talks/getting-started-with-drupal-8-module-development
/talks/2016/03/09/drupal-vm-generator-nwdug /talks/drupal-vm-generator
/talks/2016/04/02/drupal-vm-generator-drupal-bristol /talks/drupal-vm-generator
/talks/2016/06/11/drupal-8-rejoining-the-herd-php-south-coast-2016 /talks/drupal-8-rejoining-the-herd
/talks/2016/07/23/drupal-vm-meet-symfony-console-drupalcamp-bristol-2016 /talks/drupal-vm-meet-symfony-console
/talks/2016/11/09/drupal-development-with-composer-phpsw /talks/drupal-development-with-composer
/talks/2016/11/17/goodbye-drush-make-hello-composer-drupal-bristol /talks/goodbye-drush-make-hello-composer
/talks/2017/01/18/getting-your-data-into-drupal-8-drupal-bristol /talks/getting-your-data-into-drupal-8
/talks/2017/03/04/getting-your-data-into-drupal-8-drupalcamp-london-2017 /talks/getting-your-data-into-drupal-8
/talks/archive /talks
/talks/deploying-php-applications-with-fabric /talks/deploying-php-fabric
/talks/drupal-vm-generator-2 /talks/drupal-vm-generator
/talks/drupalorg-2015-2 /talks/drupalorg-2015
/talks/drupalorg-in-2015-whats-coming-next /talks/drupalorg-2015
/talks/getting-started-with-drupal-8-module-development /drupal-8-module-development
/talks/sculpin /talks/building-static-websites-sculpin
/terms-and-conditions /terms
/twitter https://twitter.com/opdavies
/work /experience
/youtube https://www.youtube.com/channel/UCkeK0qF9HHUPQH_fvn4ghqQ
